Lookback,train_rmse,valid_rmse,test_rmse,train_mae,valid_mae,test_mae,samples,input_dim,epochs_trained
1,11.473921688169655,16.56956843567542,19.122514550762947,6.931262969970703,11.952705383300781,13.555779457092285,1034.0,6.0,34.0
2,11.506235836917547,16.60153492644769,18.960998660799586,6.941195011138916,12.005487442016602,13.3223876953125,1033.0,12.0,30.0
3,11.504120461715283,16.59732758485487,18.995551943872115,6.839911937713623,11.978410720825195,13.424840927124023,1032.0,18.0,33.0
4,11.459924945685385,16.56617367866106,19.061986097068786,7.029551982879639,12.204132080078125,13.815592765808105,1031.0,24.0,35.0
5,11.422957049464305,16.60183823300431,19.136612302597392,6.90542459487915,12.146204948425293,13.648514747619629,1030.0,30.0,35.0
6,11.354368846154825,16.59998981521478,19.17859117284166,6.851845741271973,12.26618766784668,14.06646728515625,1029.0,36.0,38.0
7,11.454456538175913,16.64386063759932,19.063009886879502,7.095163822174072,12.277205467224121,13.902580261230469,1028.0,42.0,31.0
