Lookback,train_rmse,valid_rmse,test_rmse,train_mae,valid_mae,test_mae,samples,input_dim,epochs_trained
1,11.504395681439211,16.572810580499294,19.147182390781662,7.000439643859863,11.903729438781738,13.503129959106445,1034.0,6.0,36.0
2,11.492370064618893,16.590898229232025,18.945691040032692,6.8879547119140625,11.946219444274902,13.381499290466309,1033.0,12.0,31.0
3,11.512489502743586,16.633131748932424,18.997502212976084,6.938063144683838,12.040729522705078,13.467001914978027,1032.0,18.0,35.0
4,11.511692902711058,16.542347520065263,19.086378007349982,7.073226451873779,12.25041389465332,13.889394760131836,1031.0,24.0,31.0
5,11.4321696883916,16.655677427717308,19.05338136795499,6.878627777099609,12.086073875427246,13.571542739868164,1030.0,30.0,34.0
6,11.524809240388482,16.59884628515027,19.00526756750612,6.990732669830322,12.078157424926758,13.627942085266113,1029.0,36.0,32.0
7,11.401815811904424,16.63161984920873,19.046500073217192,6.968490123748779,12.17155933380127,13.748948097229004,1028.0,42.0,37.0
