method,rmse,mae
bohb,18.734821330171194,12.41580581665039
bo,18.83289050816624,12.274444580078125
baseline,18.99045202375147,13.374714851379395
hyperband,19.021051088767003,13.535202980041504
